MM FASHION LTD.,,,,,,,,, Cash On Hand 
 Cash Book ,,,,,,,,, -   
Credit/Inward,,,,Debit/Outward,,,,,
Date,Catagories,Pariculars, Amount Tk. ,Date,Catagories,Supplier,Buyer,Particulars, Amount Tk. 
01-02-2025,Loan A/C Chairman,," 261,080 ",01-02-25,Subcontract bill,,Brooklyn: Joggers,," 2,400 "
,,, -   ,01-02-25,Convence,,,Bablu, 80 
,,, -   ,01-02-25,Fabric- Purchase,S.F Traders,Brooklyn: Joggers,," 258,600 "
02-02-2025,Loan A/C Chairman,," 492,062 ",02-02-25,Fabric- Purchase,Jannatul Enterprise, Urbo,," 84,000 "
,,, -   ,02-02-25,Accessories Bill,,Urbo: Short cargo,Snap button," 12,000 "
,,, -   ,02-02-25,Accessories Bill,,Urbo:Slim&regular fit,Thread," 60,332 "
,,, -   ,02-02-25,Factory Maintance,,,Toiletries, 820 
,,, -   ,02-02-25,Factory Maintance,,,"Knife, pen, Scissors, chok", 910 
,,, -   ,02-02-25,Convence,,,Convence bill," 4,000 "
,,, -   ,02-02-25,Carriage Bill,,,Labour bill," 1,350 "
,,, -   ,02-02-25,Tiffin Bill,,,, 350 
,,, -   ,02-02-25,Carriage Bill,,,Covervan bill," 7,200 "
,,, -   ,02-02-25,Entertainment Bill,,,QC Lunch Bill Jan''25," 3,600 "
,,, -   ,02-02-25,Machine- Purchase,Babul Enterprise,,," 300,000 "
,,, -   ,02-02-25,Carriage Bill,Babul Enterprise,,Covervan bill," 2,500 "
,,, -   ,02-02-25,Electric Bill,,,Electric Bill," 15,000 "
03-02-2025,Loan A/C Chairman,," 187,890 ",03-02-25,Convence,,,Shamim," 1,290 "
,,, -   ,03-02-25,Fabric- Purchase,Ashim Knitwear,brooklyn: Solera, SMS sample L/C," 150,000 "
,,, -   ,03-02-25,Cons labour wages,,,Rayhan," 30,000 "
,,, -   ,03-02-25,Furniture & Fittings,New lucky Hardware,,Partex board," 6,600 "
05-02-2025,Loan A/C Chairman,," 810,997 ",05-02-25,Carriage Bill,Babul Enterprise,,Covervan bill," 2,000 "
,,,,05-02-25,Fabric- Purchase,Konabari,Brooklyn: Joggers,Ashraful," 32,000 "
,,,,05-02-25,Convence,,,Faruk, 500 
,,, -   ,05-02-25,Convence,,,Shamim & Sajedul, 960 
,,,,05-02-25,Carriage Bill,,,Labour Bill," 1,290 "
,,,,05-02-25,Convence,,,Shamim, 280 
,,,,05-02-25,Factory Papers,,,Hamid," 5,000 "
,,, -   ,05-02-25,Carriage Bill,Babul Enterprise,,Covervan bill," 2,000 "
,,,,05-02-25,SubContract Bill,LP Fashion, Urbo,," 674,467 "
,,,,05-02-25,Cons labour wages,,,Mona Tiles," 10,000 "
,,,,05-02-25,Cons labour wages,,,Belal Rong," 14,000 "
,,, -   ,05-02-25,Cons labour wages,,,Mahmud Electrician," 8,000 "
,,,,05-02-25,Accessories Bill,Sarowat Accessories, Urbo,Previous bill," 50,000 "
,,,,05-02-25,Advance Salary,,,Suboudh Jan''25," 10,000 "
,,, -   ,05-02-25,Convence,,Brooklyn: Joggers,Ashraful, 500 
06-02-2025,Loan A/C Chairman,," 6,000 ",06-02-25,Carriage Bill,,,Covervan bill," 4,500 "
06-02-2025,Received: Urbo ltd,Shipment Invoice 1 ," 2,000,000 ",06-02-25,Loan Debit ,,,Chairman," 2,000,000 "
,,,,06-02-25,Carriage Bill,,,Covervan bill," 1,500 "
09-02-2025,Loan A/C Chairman,," 803,000 ",09-02-25,Electric Bill,,,Electric Bill," 15,000 "
,,,,09-02-25,Carriage Bill,,,Van bill," 6,000 "
,,, -   ,09-02-25,Carriage Bill,,,Labour Bill," 2,000 "
,,, -   ,09-02-25,Cons labour wages,,Rayhan,Previous bill," 15,000 "
,,,,09-02-25,Fabric- Purchase,Ma Traders, Urbo,Previous bill," 500,000 "
,,,,09-02-25,Factory Papers,,,Hamid," 65,000 "
,,,,09-02-25,Machine- Purchase,Babul Enterprise,,Previous bill," 200,000 "
10-02-2025,Loan A/C Chairman by Bashar,," 13,980 ",10-02-25,Cons labour wages,,,Belal Rong koraki," 7,000 "
,,,,10-02-25,Internet bill,,,Jan''25, 600 
,,,,10-02-25,Cons labour wages,,,Mahmud Electrician," 3,500 "
,,,,10-02-25,Entertainment Bill,,,BKMEA Audit, 380 
,,,,10-02-25,Carriage Bill,,,Covervan bill Mohabat," 2,500 "
11-02-2025,Loan A/C Chairman,," 1,239,000 ",11-02-25,Accessories Bill,Sarowat Accessories, Urbo,Previous bill," 35,000 "
,,,,11-02-25,Subcontract bill,Mohabbat Garmnet,Urbo: Short cargo,8734pcs," 1,059,000 "
,,,,11-02-25,Machine- Purchase,Bhai Bhai Eyelet,,Mr Tara," 100,000 "
,,,,11-02-25,Donation Inspection,, Urbo,Sani QC Urbo," 10,000 "
,,,,11-02-25,Office Maintance,,,Stamp Revenue," 3,000 "
,,,,11-02-25,Advance Salary,,,Faruk feb 25," 22,000 "
,,,,11-02-25,Advance Salary,,,Siddik PM feb 25," 10,000 "
12-02-2025,Loan A/C Chairman,," 1,850 ",12-02-25,Entertainment Bill,, Urbo,Shipment purpose," 1,850 "
,Loan A/C Chairman by Bashar,," 19,520 ",12-02-25,Electric Bill,,,nagad: 73N10TM5," 15,000 "
,,,,12-02-25,Carriage Bill,,,Labour bill," 2,000 "
,,,,12-02-25,Entertainment Bill,,,BKMEA Audit," 1,700 "
,,,,12-02-25,Factory Maintance,,,floor cleaning, 820 
13-02-2025,Received: Urbo ltd,Shipment Invoice 1 ," 900,000 ",13-02-25,Loan Debit ,, Urbo,Chairman Sir," 900,000 "
13-02-2025,Loan A/C Chairman,," 135,178 ",13-02-25,Office Maintance,,,Mostofa," 3,490 "
,,,,13-02-25,Factory Maintance,,,Mostofa," 1,600 "
,,,,13-02-25,Machine spare parts,,,Mostofa," 36,129 "
,,,,13-02-25,Accessories Bill,,Brooklyn: Joggers,"Elastic, Drawsting , twill"," 64,065 "
,,,,13-02-25,Accessories Bill,,Brooklyn: Joggers,Thread lock," 4,110 "
,,,,13-02-25,Accessories Bill,,Urbo: Short cargo,"label, poly , thread"," 4,664 "
,,,,13-02-25,Entertainment Bill,, Urbo,Shipment purpose," 1,810 "
,,, -   ,13-02-25,Donation Inspection,, Urbo,Sani QC Urbo, 500 
,,,,13-02-25,Tiffin Bill,, Urbo,whole night shift," 3,460 "
,,,,13-02-25,Convence,,,Mostofa," 6,850 "
,,,,13-02-25,Carriage Bill,,,labour bill," 5,000 "
,,,,13-02-25,Carriage Bill,,,Covervan bill," 1,500 "
,,,,13-02-25,Convence,,,mostofa," 1,500 "
,,,,13-02-25,Carriage Bill,,,Labour bill, 500 
14-02-2025,Received: Urbo ltd,Shipment Invoice 1 ," 450,000 ",14-02-25,Loan Debit ,, Urbo,Chairman," 450,000 "
14-02-2025,Loan A/C Chairman,, 700 ,14-02-25,Office Maintance,,,A4 paper 2 bundle, 700 
16-02-2025,Loan A/C Chairman,," 252,000 ",16-02-25,Carriage Bill,Babul Enterprise,,Covervan bill againist machine purchase," 2,000 "
16-02-2025,Loan A/C Chairman by Bashar,," 6,500 ",16-02-25,Machine- Purchase,Babul Enterprise,,Previous bill," 250,000 "
,,,,16-02-25,Office Maintance,Ryans Computer,,Printer ink Black, 700 
,,,,16-02-25,Office Maintance,Jamuna Printing Press,,Id Card & Visiting Card," 1,300 "
,,,,16-02-25,Factory Maintance,,,Toilet Block removing," 6,500 "
17-02-2025,Loan A/C Chairman,," 451,518 ",17-02-25,Convence,,,Tanush up down (Bablu)," 1,000 "
17-02-2025,Loan A/C Chairman by Bashar,, 540 ,17-02-25,Lunch bill,,,against tanush visit Bablu, 570 
,,,,17-02-25,Carriage Bill,,,Labour bill," 1,200 "
,,,,17-02-25,Accessories Bill,, Urbo,molecule sample Tap, 400 
,,,,17-02-25,Dinner bill,,,(12 feb) night shift," 1,230 "
,,,,17-02-25,Accessories Bill,,Urbo: slim fit,Thread, 280 
,,,,17-02-25,Fabric- Purchase,,Urbo: Camo Print,sample purpose," 3,600 "
,,,,17-02-25,Fabric- Purchase,,brooklyn: Solera,rib fabric," 1,410 "
,,,,17-02-25,Convence,,,konabari up down, 260 
,,,,17-02-25,Lunch bill,,,konabari up down, 100 
,,,,17-02-25,Factory Maintance,,,Toiletries, 540 
,,,,17-02-25,Machine spare parts,,,"needle, fat  lock, heavey "," 1,630 "
,,,,17-02-25,Convence,,,2 days sadorgat," 1,280 "
,,,,17-02-25,Carriage Bill,,,covervan for tanus," 3,000 "
,,,,17-02-25,Carriage Bill,,,Labour bill, 500 
,,,,17-02-25,Lunch bill,,,sadorgat 2 days, 240 
,,,,17-02-25,bkash charge,,,mostofa sadorgat, 378 
,,,,17-02-25,Accessories Bill,,Brooklyn: Joggers,Drawting & thread," 18,760 "
,,,,17-02-25,breakfast bill,,,sample section 12 feb, 260 
,,,,17-02-25,Accessories Bill,Arrah Trims & Packaging,Brooklyn,Carton Bill," 12,000 "
,,,,17-02-25,Convence,,,Omor visiting buying house," 1,000 "
,,,,17-02-25,Convence,,,Ashraful wearvibes up down, 420 
,,,,17-02-25,Fabric- Purchase,Ma Traders, Urbo,Previous bill," 400,000 "
18-02-2025,Loan A/C Chairman,," 181,670 ",18-02-25,Salary A/C,,,Management staff jan25," 130,000 "
,,,,18-02-25,Convence,,,MD & abir Sir buying house," 1,670 "
,,,,18-02-25,Accessories Bill,Sarowat Accessories, Urbo,previous BIll," 50,000 "
19-02-2025,Loan A/C Chairman,," 5,000 ",19-02-25,Advance Salary,,,Akram feb'25," 5,000 "
19-02-2025,Received: Urbo ltd,Shipment Invoice 1 ," 1,500,000 ",19-02-25,Loan Debit ,, Urbo,Chairman Sir," 1,500,000 "
19-02-2025,Loan A/C Chairman by Bashar,," 14,675 ",19-02-25,Cons labour wages,,,Tiles Koraki," 9,500 "
,,,,19-02-25,Factory Maintance,,,Gum tape," 5,175 "
20-02-2025,Loan A/C Chairman,," 2,123,848 ",20-02-25,Salary A/C,,,all staff & worker jan''25," 1,100,510 "
20-02-2025,Loan A/C Chairman by Bashar,," 15,000 ",20-02-25,Cons labour wages,,,rihan kat mistiri," 15,000 "
,,,,20-02-25,Tiffin Bill,,,48x30," 1,440 "
20-02-2025,Received: Kafit Gallary,Sample Making," 1,500 ",20-02-25,Night Bill,,,70x10, 700 
,,,,20-02-25,Factory Papers,,,Hamid," 5,000 "
,,,,20-02-25,Wash bill,Denim Expert Washing, Urbo,Previous bill," 82,000 "
,,,,20-02-25,Machine- Purchase,Bhai Bhai Eyelet,,Previous bill," 90,000 "
,,,,20-02-25,Entertainment Bill,,Brooklyn,Buyer," 1,000 "
,,,,20-02-25,Convence,,,Faruk," 1,000 "
,,,,20-02-25,Electric Bill,,,nagad: 730GT2RV," 14,900 "
,,,,20-02-25,Fabric- Purchase,,Urbo: plaket Tshirt,Narayanganj," 2,033 "
,,,,20-02-25,Convence,,,Narayanganj, 820 
,,,,20-02-25,Accessories Bill,,Brooklyn: Joggers,Twill Tape, 400 
,,,,20-02-25,Accessories Bill,,Urbo: Molecule,Thread," 18,785 "
,,,,20-02-25,Convence,,,"mirpur, sadorgat"," 2,530 "
,,,,20-02-25,Lunch bill,,,"mirpur, sadorgat", 200 
,,,,20-02-25,Dying bill,,,Twill Tape," 1,150 "
,,,,20-02-25,Machine spare parts,,,"Bobbin, needle"," 2,780 "
,,,,20-02-25,Accessories Bill,Sarowat Accessories, Urbo,Previous bill," 100,000 "
,,,,20-02-25,Factory Maintance,,,Cutter, 100 
,,,,20-02-25,Fabric- Purchase,Ma Traders, Urbo,Previous bill," 700,000 "
22-02-2025,Loan A/C Chairman,," 4,515 ",22-02-25,Fabric- Purchase,Konabari,Draupadi,sample fabric," 4,515 "
23-02-2025,Loan A/C Chairman,," 1,441,310 ",23-02-25,Tiffin Bill,,,50x30tk," 1,500 "
23-02-2025,Loan A/C Chairman by Bashar,," 2,565 ",23-02-25,Office Maintance,,,Toilieties item," 2,265 "
,,,,23-02-25,Carriage Bill,,,Van rent, 300 
,,,,23-02-25,Night bill,,,, 810 
,,,,23-02-25,Lunch bill,,Urbo: Short cargo,6 person, 600 
,,,,23-02-25,Convence,,,"buying house, print bablu"," 1,720 "
,,,,23-02-25,Convence,,Draupadi,konabari fabric ashraful, 430 
,,,,23-02-25,Convence,, Urbo,wash factory mirpur sajedul, 250 
,,,,23-02-25,Entertainment Bill,,Brooklyn,Inspection joggers," 2,700 "
,,,,23-02-25,Tiffin Bill,,,sample section 22 feb, 150 
,,,,23-02-25,Entertainment Bill,,Brooklyn,brooklyn Md visiting ashim knit," 1,750 "
,,,,23-02-25,Fabric- Purchase,Tahera Knit Fabric,ADL,TT order purpose," 1,400,000 "
,,,,23-02-25,Electric Bill,,,Nagad: 730RKO5C," 14,900 "
,,,,23-02-25,Carriage Bill,Babul Enterprise,,covervan machine purpose," 2,000 "
,,,,23-02-25,Carriage Bill,, Urbo,covervan denim wash," 1,500 "
,,,,23-02-25,Office Maintance,Best webhost bd.com,,domain & email hosting," 13,000 "
24-02-2025,Received: Urbo ltd,Shipment Invoice 1 ," 1,600,000 ",24-02-25,Loan Debit ,, Urbo,Chairman Sir," 1,600,000 "
24-02-2025,Loan A/C Chairman,," 103,155 ",24-02-25,Carriage Bill,Babul Enterprise,,covervan bill," 2,000 "
24-02-2025,Loan A/C Chairman by Bashar,, 200 ,24-02-25,Carriage Bill,,,Labour bill, 200 
,,,,24-02-25,Cons Materials,,,Rod Purchase, 835 
,,,,24-02-25,Fabric- Purchase,Ashim Knitwear,brooklyn: Solera,L/c order fabric," 100,000 "
,,,,24-02-25,Convence,, Urbo,ashraful urbo up-down convence, 320 
25-02-2025,Received: Urbo ltd,Shipment Invoice 1 ," 200,000 ",25-02-25,Loan Debit ,, Urbo,Chairman Sir," 200,000 "
25-02-2025,Loan A/C Chairman,," 1,317,286 ",25-02-25,Carriage Bill,Babul Enterprise,,Covervan for machine purchace," 2,000 "
,,,,25-02-25,Fabric- Purchase,Tahera Knit Fabric,ADL,Fabric purchase TT program," 1,000,000 "
,,,,25-02-25,Embroderiy Bill,Golden Embroderiy,brooklyn: Solera,Embroderiy Advance Aginist L\c," 5,000 "
,,,,25-02-25,Accessories Bill,Sarowat Accessories, Urbo,Previous bill," 200,000 "
,,,,25-02-25,Office Maintance,,,office files, 350 
,,,,25-02-25,Carriage Bill,Ashim Knitwear,brooklyn: Solera,covervan bill ," 2,400 "
,,,,25-02-25,Accessories Bill,, Urbo,Snap button long cargo, 800 
,,,,25-02-25,Accessories Bill,, Urbo,Thread (regular fit & molecule)," 26,140 "
,,,,25-02-25,Accessories Bill,, Urbo,"Fusing, Thread (Molecule)"," 18,080 "
,,,,25-02-25,Accessories Bill,, Urbo,Poly Lebel (Cotton green jeans), 280 
,,,,25-02-25,Accessories Bill,, Urbo,Zipper (Regular fit )," 46,200 "
,,,,25-02-25,Accessories Bill,, Urbo,Thread (Molecule & Regular fit)," 6,755 "
,,,,25-02-25,Accessories Bill,, Urbo,Snap button (Cotton Green Jean), 800 
,,,,25-02-25,Accessories Bill,, Urbo,Mole (Cotton Green Jeans), 560 
,,,,25-02-25,Factory Maintance,,,"Powder, Medicine, Thinner, markar"," 1,210 "
,,,,25-02-25,Accessories Bill,,brooklyn: Solera,Twill Tape, 200 
,,,,25-02-25,Machine spare parts,,,"Needle,Led light, folder"," 2,406 "
,,,,25-02-25,Factory Maintance,,,"Silver ink, mom chalk, Sticker etc."," 1,635 "
,,,,25-02-25,Convence,,,Mostofa (23 feb-25feb)," 2,020 "
,,,,25-02-25,Tiffin Bill,,,Sample bill, 150 
,,,,25-02-25,Carriage Bill,,,labour bill, 300 
26-02-2025,Loan A/C Chairman by Bashar,," 8,550 ",26-02-25,Cons labour wages,,,labour bill," 4,200 "
26-02-2025,Loan A/C Chairman,," 6,780 ",26-02-25,Cons Materials,,,Electric item," 3,800 "
,,,,26-02-25,Cons Materials,,,"PVC Pipe, Juri", 550 
,,,,26-02-25,Factory Maintance,,,Pattarn board," 6,460 "
,,,,26-02-25,Office Maintance,,,Register book 2 pcs, 320 
27-02-2025,Loan A/C Chairman,," 1,940 ",27-02-25,Convence,,,Omor visiting buying house, 500 
,,,,27-02-25,Convence,,,MD & abir Sir buying house," 1,130 "
,,,,27-02-25,Factory Maintance,,,Denim Pen, 310 
28-02-2025,Loan A/C Chairman,," 813,690 ",28-02-25,Fabric- Purchase,Narayangonj,,ADL TT order," 810,000 "
28-02-2025,Loan A/C Chairman by Bashar,," 9,120 ",28-02-25,Convence,,,Narayanganj Fabric purpose ashraful," 1,590 "
,,,,28-02-25,Factory Maintance,,,"Spot remover, mom chalk "," 2,000 "
,,,,28-02-25,Convence,,,Convence bill, 100 
,,,,28-02-25,Lunch bill,,,all QC buyer feb," 9,120 "
01-03-2025,Loan A/C Chairman,," 329,000 ",01-03-25,SubContract Bill,,,Mohabbat Garments long pant(3850pcs)," 327,000 "
01-03-2025,Loan A/C Chairman by Bashar,," 2,000 ",01-03-25,Carriage Bill,,,Mohabbat Garments covervan & labour bill," 2,000 "
,,,,01-03-25,Advance Salary,,,Akram feb'25," 2,000 "
02-03-2025,Loan A/C Chairman,," 76,090 ",02-03-25,Convence,,,HR dyeing & Mohabbat up down 2 days," 1,090 "
02-03-2025,Loan A/C Chairman by Bashar,, 140 ,02-03-25,Furniture & Fittings,,,Table lock, 140 
,,,,02-03-25,Factory Papers,,,bkmea membership," 75,000 "
03-03-2025,Loan A/C Chairman,," 40,000 ",03-03-25,Accessories Bill,Sarowat Accessories, Urbo,previous due," 25,000 "
03-03-2025,Loan A/C Chairman by Bashar,," 5,500 ",03-03-25,Electric Item,,,Fan 5pcs," 5,500 "
,,,,03-03-25,Factory Papers,,,hamid donation bkmea," 15,000 "
04-03-2025,Loan A/C Chairman,," 119,140 ",04-03-25,Office Maintance,,,Stamp paper, 500 
04-03-2025,Loan A/C Chairman by Bashar,," 25,000 ",04-03-25,Cons labour wages,,,sanitary koraki," 15,000 "
,,,,04-03-25,Cons labour wages,,,raihan  previous bill," 10,000 "
,,,,04-03-25,Convence,,,mostofa(26 feb-2 mar)," 1,780 "
,,,,04-03-25,Carriage Bill,,,covervan tanush," 4,500 "
,,,,04-03-25,Carriage Bill,,,Labour bill, 900 
,,,,04-03-25,Factory Maintance,,,"markar paper, weight scale"," 4,960 "
,,,,04-03-25,Office Maintance,Jamuna Printing Press,,Operator form and hajira card," 6,100 "
,,,,04-03-25,Machine spare parts,,,"lopar set, m]needle, magnet guid, folder"," 24,596 "
,,,,04-03-25,Accessories Bill,, Urbo,"regular fit thread, hand needle"," 2,270 "
,,,,04-03-25,Accessories Bill,,Brooklyn,"Solera: twill tape, size label", 570 
,,,,04-03-25,Accessories Bill,, Urbo,"long cargo: thread, Elastic, Zipper, Fusing"," 72,964 "
05-03-2025,Loan A/C Chairman,," 18,280 ",05-03-25,Tiffin Bill,,,4 mar tiffin bill staff sample," 1,080 "
05-03-2025,Loan A/C Chairman by Bashar,," 2,800 ",05-03-25,Cons labour wages,,,door fixing," 2,800 "
,,,,05-03-25,Office Maintance,,,Stamp paper 20," 2,200 "
,,,,05-03-25,Electric Bill,,,nagad: 73PR^B9G," 15,000 "
,,,,05-03-25,Office Maintance,,,stamp paper," 2,200 "
06-03-2025,Loan A/C Chairman,," 36,980 ",06-03-25,Tiffin Bill,,,Iftari sample man 7 person, 700 
,,,,06-03-25,Convence,,,atipara up down & modina garment bablu, 320 
,,,,06-03-25,Accessories Bill,, Urbo,regular fit: thread," 1,170 "
,,,,06-03-25,Machine spare parts,,,flat lock parts, 60 
,,,,06-03-25,Convence,,,mostofa (4 mar-5 mar), 440 
,,,,06-03-25,Tiffin Bill,,,staff iftari 5 mar, 500 
,,,,06-03-25,Carriage Bill,,,Labour bill modina fabric accessories loading," 1,000 "
,,,,06-03-25,Accessories Bill,,,"sample section zipper, thread", 200 
,,,,06-03-25,Accessories Bill,,Team Fashion,"TT01: thread, Elastic"," 28,780 "
,,,,06-03-25,Office Maintance,,,"file, register book"," 1,200 "
,,,,06-03-25,Convence,,,uttara updown & modina garment, 410 
08-03-2025,Loan A/C Chairman,," 53,590 ",08-03-25,Factory Maintance,,,"thinner, bobin, needle", 920 
,,,,08-03-25,Convence,,,urbo buying house up down, 250 
,,,,08-03-25,Accessories Bill,, Urbo,short cargo: zipper," 1,100 "
,,,,08-03-25,Accessories Bill,, Urbo,long& short cargo: piping," 3,750 "
,,,,08-03-25,Tiffin Bill,,,17 person for completing solera (6 mar)," 1,100 "
,,,,08-03-25,Office Maintance,,,A4 paper 2 bundle, 700 
,,,,08-03-25,Office Maintance,,,Punch Machine, 150 
,,,,08-03-25,Factory Maintance,,,"Scissores, guid, machone Oil"," 5,610 "
,,,,08-03-25,Convence,,,Balal Modina up down, 160 
,,,,08-03-25,Convence,,,Modina up down Bablu, 260 
,,,,08-03-25,Office Maintance,Ryans Computer,,Printer toner, 750 
,,,,08-03-25,Convence,,,Faruk visiting team fashion, 200 
,,,,08-03-25,Tiffin Bill,,,aziz (quality) 21 days tiffin mohabbat, 370 
,,,,08-03-25,Convence,,,aziz (quality) 21 days convence mohabbat, 860 
,,,,08-03-25,Electric Item,,,"Fan , light, switch, channe; pipe"," 37,410 "
09-03-2025,Loan A/C Chairman,," 10,000 ",09-03-25,Factory Papers,,,hamid," 10,000 "
10-03-2025,Loan A/C Chairman,," 166,324 ",10-03-25,Electric Bill,,,nagad: 73Q808DL," 15,000 "
,,,,10-03-25,Convence,,,buying house," 1,000 "
,,,,10-03-25,Advance Salary,,,Akram (sample man) mar'25," 3,000 "
,,,,10-03-25,Advance Salary,,,Faruk mar'25," 5,000 "
,,,,10-03-25,Convence,,,"adl, wear vibes, embridery factory, brooklyn"," 2,950 "
,,,,10-03-25,Advance Salary,,,mostofa feb'25," 14,000 "
,,,,10-03-25,Convence,,,"mazar, tongi mostofa", 590 
,,,,10-03-25,Factory Maintance,,,Toilieties item, 730 
,,,,10-03-25,Carriage Bill,,,loader bill, 500 
,,,,10-03-25,Office Maintance,,,"notice board, pin file"," 2,170 "
,,,,10-03-25,Factory Maintance,,,"cutter, GSM board, file"," 1,040 "
,,,,10-03-25,Machine spare parts,,,Needle," 7,420 "
,,,,10-03-25,Accessories Bill,, Urbo,Molecule: Thread, 280 
,,,,10-03-25,Accessories Bill,, Urbo,sample section thread, 820 
,,,,10-03-25,Factory Maintance,,,"blister poly, tissue, mom, zipper guid"," 8,474 "
,,,,10-03-25,Machine spare parts,,,mould, 450 
,,,,10-03-25,Tiffin Bill,,,16 person iftari, 900 
,,,,10-03-25,Accessories Bill,Sarowat Accessories,,previous bill urbo," 100,000 "
,,,,10-03-25,Advance Salary,,,Akram(patternman) feb'25," 2,000 "
11-03-2025,Loan A/C Chairman,," 1,910 ",11-03-25,Tiffin Bill,,,Iftari sample man 8 person, 400 
11-03-2025,Received: Brooklyn BD,joggers shipment," 190,000 ",11-03-25,Loan Debit ,,,payment received frm brooklyn to chairman sir," 190,000 "
,,,,11-03-25,Office Maintance,,,calling bell, 710 
,,,,11-03-25,Carriage Bill,,,loader bill machine transfer, 300 
,,,,11-03-25,Tiffin Bill,,,iftar bill sample section, 500 
12-03-2025,Loan A/C Chairman,," 2,000 ",12-03-25,Factory Papers,,,hamid convence," 2,000 "
13-03-2025,Loan A/C Chairman,," 853,500 ",13-03-25,Fabric- Purchase,Ma Traders,Wear Vibes,TT order fabric," 300,000 "
,,,,13-03-25,Machine- Purchase,Babul Enterprise,,machine purpose," 500,000 "
,,,,13-03-25,Advance Salary,,,belal (PatternMaster) feb'25," 3,000 "
,,,,13-03-25,Factory Papers,,,hamid," 25,500 "
,,,,13-03-25,Accessories Bill,Sarowat Accessories,,previous bill," 25,000 "
15-03-2025,Loan A/C Chairman,," 97,325 ",15-03-25,Machine spare parts,,,"spnap button mole, Needle"," 1,280 "
,,,,15-03-25,convence,,,Mostofa buying house Adl, 300 
,,,,15-03-25,Factory Maintance,,,"med, mop, sign pen", 665 
,,,,15-03-25,Advance Salary,,,Akram (Pattern man)," 15,000 "
,,,,15-03-25,Convence,,,"shamim (11 mar), (12 Mar)", 320 
,,,,15-03-25,Factory Maintance,,,GI wire, 50 
,,,,15-03-25,Convence,,,Modina up down Bablu 2 days, 950 
,,,,15-03-25,Convence,,,ashraful: mirpur up down for pocketing, 760 
,,,,15-03-25,Fabric- Purchase,, Urbo,molecule: pocketing fabric," 78,000 "
16-03-2025,Loan A/C Chairman,," 38,325 ",16-03-25,Convence,,,"ADL,Wearvibes, sample purpose 10 mar-15 mar"," 2,170 "
,,,,16-03-25,Convence,,,mm QC to modina 2 day, 400 
,,,,16-03-25,Convence,,,Adl sample purpose, 200 
,,,,16-03-25,Carriage Bill,,,loader bill: fabric unload, 610 
,,,,16-03-25,Electric Bill,,,SEBL Meter:41159598," 15,000 "
,,,,16-03-25,Accessories Bill,,K.Tex,metal zipper sample devlopment, 300 
,,,,16-03-25,Accessories Bill,,Wear Vibes,elastic," 10,200 "
,,,,16-03-25,Machine spare parts,,,"needle , guid"," 2,615 "
,,,,16-03-25,Factory Maintance,,,Iron," 2,800 "
,,,,16-03-25,Convence,,,mostofa mirpur up down, 530 
,,,,16-03-25,Tiffin Bill,,,sample section 16mar, 400 
,,,,16-03-25,Carriage Bill,,,loader bill for loading goods for modina garment, 100 
,,,,16-03-25,Advance Salary,,,bablu feb''25," 3,000 "
17-03-2025,Loan A/C Chairman,," 629,280 ",17-03-25,Fabric- Purchase,Tahera Knit Fabric,ADL,TT oder fabric," 400,000 "
17-03-2025,Loan A/C Chairman by Bashar,, 600 ,17-03-25,Fabric- Purchase,Ma Traders,Wear Vibes,TT oder fabric," 200,000 "
,,,,17-03-25,Tiffin Bill,,,"sample(6), Staff(4), ADLqc(2) Iftari", 700 
,,,,17-03-25,Carriage Bill,,,Loader bill Machine tranfer, 300 
,,,,17-03-25,Advance Salary,,,omor faruk feb''25," 17,000 "
,,,,17-03-25,Advance Salary,,,chonchol(qc) feb'25," 6,000 "
,,,,17-03-25,Electric Item,,,9inch fan 4pcs," 4,860 "
,,,,17-03-25,Factory Maintance,,,Scissores sharpness, 420 
,,,,17-03-25,Internet bill,,,feb''25, 600 
18-03-2025,Loan A/C Chairman,," 2,440 ",18-03-25,Entertainment Bill,,,mega trust international factory visit, 440 
,,,,18-03-25,Carriage Bill,Babul Enterprise,,covervan bill for machine ," 2,000 "
20-03-2025,Loan A/C Chairman,," 131,331 ",20-03-25,Convence,,,18 mar- 17 mar," 1,440 "
,,,,20-03-25,Accessories Bill,Zahid Printing & Accessories,ADL,tt order," 50,000 "
,,,,20-03-25,Carriage Bill,,,loader bill fabric unloading, 750 
,,,,20-03-25,Machine spare parts,,,"bobbin, feet etc"," 4,170 "
,,,,20-03-25,Factory Maintance,,,"chok, pencil", 340 
,,,,20-03-25,Accessories Bill,,Wear Vibes,thread," 14,480 "
,,,,20-03-25,Accessories Bill,,Team Fashion,Joha: thread sample, 521 
,,,,20-03-25,Accessories Bill,, Urbo,molecule thread, 420 
,,,,20-03-25,Advance Salary,,,faruk feb 25," 33,000 "
,,,,20-03-25,Tiffin Bill,,,18 mar (127x30) 19 mar (60x30)," 5,610 "
,,,,20-03-25,Factory Papers,,,rex hamid," 16,000 "
,,,,20-03-25,Tiffin Bill,,,iftari bill staf and wear vibes MD, 500 
,,,,20-03-25,Subcontact worker bill,,,laily 9 person," 3,600 "
,,,,20-03-25,Carriage Bill,,,loader bill: fabric unload and machine tranfer, 500 
21-03-2025,Loan A/C Chairman,," 43,800 ",21-03-25,Subcontact worker bill,,,lailly 7person," 2,800 "
22-03-2025,Loan A/C Chairman,," 28,915 ",22-03-25,Carriage Bill,,,covervan for solea shipment," 2,000 "
,,,,22-03-25,Convence,,,"16-18 Mar ADL, Team sample", 580 
,,,,22-03-25,Convence,,,"19-21 Mar ADL, Ktex"," 1,420 "
,,,,22-03-25,Mobile Recharge,,,Milon 1000minute march, 630 
,,,,22-03-25,Cons labour wages,,,Raj mistir work for madrasa floor shiting," 41,000 "
,,,,22-03-25,Convence,,,19 mar revise sales contact, 350 
,,,,22-03-25,Convence,,,"QC aziz 20,21 mar up dpwn modina", 200 
,,,,22-03-25,Convence,,,mostofa mirpur up down, 210 
,,,,22-03-25,Factory Maintance,,,sticker and ink," 3,860 "
,,,,22-03-25,Machine spare parts,,,"high lighter pen, correction pen knife"," 2,600 "
,,,,22-03-25,Machine spare parts,,,"noodle, lifter, thinner"," 5,920 "
,,,,22-03-25,Accessories Bill,,Wear Vibes,thread tt order," 3,855 "
,,,,22-03-25,Factory Maintance,,,"coil, powder, glue", 155 
,,,,22-03-25,Carriage Bill,,,loader bill ADL fabric unloading, 600 
,,,,22-03-25,Tiffin Bill,,,Iftari worker & staff," 4,135 "
,,,,22-03-25,Subcontact worker bill,,,laily 6 person," 2,400 "
23-03-2025,Loan A/C Chairman,," 1,925,590 ",23-03-25,Office Maintance,Ryans Computer,,epson printer ink set 4 pcs," 2,740 "
,,,,23-03-25,Machine spare parts,,,"Bobbin, needle bar, lopen etc"," 6,720 "
,,,,23-03-25,Factory Maintance,,,"medicine, battery", 390 
,,,,23-03-25,Accessories Bill,, Urbo,Molecule: Magic thread, 510 
,,,,23-03-25,Accessories Bill,, Urbo,Molecule carton bill," 4,000 "
,,,,23-03-25,Convence,,,Adl up down bablu, 200 
,,,,23-03-25,Factory Maintance,,,kerson bablu, 140 
,,,,23-03-25,Factory Maintance,,,Spot remover," 1,850 "
,,,,23-03-25,Factory Maintance,,,boiler coil," 3,500 "
,,,,23-03-25,Convence,,,"modina Garment, tongi up down", 930 
,,,,23-03-25,Convence,,,gazipur chowrasta up down, 250 
,,,,23-03-25,Office Maintance,,,A4 paper 5 bundle," 1,725 "
,,,,23-03-25,Electric Bill,,,Bkash: CCN$SB3TVC," 12,000 "
,,,,23-03-25,Salary A/C,,,"worker, helper & staff feb 25"," 1,729,380 "
,,,,23-03-25,Salary A/C,,,magagement feb'25," 130,000 "
,,,,23-03-25,Factory Maintance,,,boiler coil repairing hanif, 500 
,,,,23-03-25,Accessories Bill,Unitrade Bdpack Ltd,ADL,"Carton Bill: Style Shaikko, Ice Tech advance"," 23,500 "
,,,,23-03-25,Tiffin Bill,,,"worker, staff and  Adl Qc"," 4,855 "
,,,,23-03-25,Subcontact worker bill,,,laily 6 person," 2,400 "
24-03-2025,Loan A/C Chairman,," 28,935 ",24-03-25,Advance Salary,,,Akram (patternman) Mar'25," 5,000 "
,,,,24-03-25,convence,,,"mostofa 23 march ,modina, mirpur, sadorgat"," 1,080 "
,,,,24-03-25,Carriage Bill,,,loader bill: fabric unload, 130 
,,,,24-03-25,Accessories Bill,,Wear Vibes,military joggers: Drawsting," 13,200 "
,,,,24-03-25,Accessories Bill,, Urbo,"long cargo: zipper, Thread", 490 
,,,,24-03-25,Subcontact worker bill,,,laily 8 person," 3,200 "
,,,,24-03-25,Tiffin Bill,,,all staff worker and 3 adl QC," 5,255 "
,,,,24-03-25,Night bill,,,cutting worker staff, 580 
25-03-2025,Loan A/C Chairman,," 79,425 ",25-03-25,Convence,,,"wash factory, ear vibes,, modina tongi up down", 770 
25-03-2025,Received: Urbo ltd,Advance & due payment of shipment 1," 800,000 ",25-03-25,Carriage Bill,,,loader bill, 300 
,,,,25-03-25,Tiffin Bill,,,staff worker (19/3/25), 720 
,,,,25-03-25,Electric Bill,,,Nagad," 15,000 "
,,,,25-03-25,Factory Maintance,,,"hand gloves, safty pin", 570 
,,,,25-03-25,Machine spare parts,,,"tape measurement, belt", 950 
,,,,25-03-25,Accessories Bill,,,Haji Accessories & packaging," 20,000 "
,,,,25-03-25,Loan Debit ,,,Chairman sir payment from urbo," 800,000 "
,,,,25-03-25,Accessories Bill,Unitrade Bdpack Ltd,,"Carton Bill: Style Shaikko, Ice Tech "," 23,500 "
,,,,25-03-25,Night bill,,,cutting worker staff, 580 
,,,,25-03-25,Subcontact worker bill,,,laily 12 person," 4,800 "
,,,,25-03-25,Tiffin Bill,,,"Iftari worker, staff & Qc Adl 142 person"," 5,465 "
,,,,25-03-25,Carriage Bill,,,loader bill: fabric roll & machine transfer, 500 
,,,,25-03-25,Machine spare parts,,,padel chain 12 pcs, 600 
,,,,25-03-25,Factory Maintance,,,"thinner,pen, plastic box", 790 
,,,,25-03-25,Carriage Bill,,,loader bill: machine transfer & fabric unload, 500 
,,,,25-03-25,Convence,,,QC aziz  up dpwn modina, 300 
,,,,25-03-25,Convence,,,almas wash factory up down, 80 
,,,,25-03-25,Electric Item,,,Boilar parts and motor," 4,000 "
27-03-2025,Loan A/C Chairman,," 3,004,900 ",27-03-25,Carriage Bill,,,modina to mm for bringing finish goods urbo," 5,100 "
27-03-2025,Received: Brooklyn BD,," 250,000 ",27-03-25,SubContract Bill,,,Modina garment urbo finished goods purpose," 777,000 "
,,,,27-03-25,Salary A/C,,,all staff & worker 20 days feb''25 full OT And lefty," 1,571,880 "
,,,,27-03-25,Night bill,,,Adl shipment purpose 14 person finishing, 750 
,,,,27-03-25,Office Maintance,,,printer cannon from zaman," 8,000 "
,,,,27-03-25,Tiffin Bill,,,worker & staff," 1,685 "
,,,,27-03-25,Print Bill,Alpha Multi Design & Co,ADL,Style Icetech print purpose," 50,000 "
,,,,27-03-25,Donation Inspection,,ADL,Shipment purpose," 10,000 "
,,,,27-03-25,Entertainment Bill,,,milon : ADL team Fashion 4 days," 1,600 "
,,,,27-03-25,Subcontact worker bill,,,Laily Balance payment," 18,630 "
,,,,27-03-25,Print Bill,SH Print & Sticker,Brooklyn,Solera order previous bill," 10,000 "
,,,,27-03-25,Fabric- Purchase,Tahera Knit Fabric,ADL,Bill purpose," 500,000 "
,,,,27-03-25,Subcontact worker bill,,,laily 18 person," 7,200 "
,,,,27-03-25,Tiffin Bill,,,worker (89*35) Staff (19*35) Buying QC (5*100)," 4,565 "
,,,,27-03-25,Night bill,,,"ADL Qc , sewing setion "," 7,120 "
,,,,27-03-25,Convence,,,Bablu: print factory Mirpur, 480 
,,,,27-03-25,Office Maintance,,,Ma hotel previous all bill," 17,440 "
,,,,27-03-25,Accessories Bill,,ADL,"filament, safety pin"," 1,380 "
,,,,27-03-25,Factory Maintance,,,Hard board, 160 
,,,,27-03-25,Machine spare parts,,,As per bill attachted," 9,090 "
,,,,27-03-25,Convence,,,Modina 3 days Tongi & mazar up down," 1,060 "
,,,,27-03-25,Entertainment Bill,,,Adl qc dinner," 1,160 "
,,,,27-03-25,Loan Debit ,,,Chairman sir payment from Brooklyn," 250,000 "
,,,,27-03-25,Lunch bill,,,Finishing section 7 person adl shipment, 600 
06-04-2025,Loan A/C Chairman,," 47,560 ",06-04-25,Convence,,,Modina & print factory, 380 
06-04-2025,Received: Urbo ltd,Advance," 400,000 ",06-04-25,Carriage Bill,,,loader bill modina, 250 
,,,,06-04-25,Entertainment Bill,,,Sani  QC urbo for modina inspection, 440 
,,,,06-04-25,Shipment Bill,,ADL,C&F purpose," 25,000 "
,,,,06-04-25,Carriage Bill,,ADL,shipment covervan," 14,000 "
,,,,06-04-25,Convence,,ADL,Shamim: Chitagong up down for shipment," 7,490 "
,,,,06-04-25,Loan Debit ,,,chairman sir againist urbo payment," 400,000 "
08-04-2025,Loan A/C Chairman,," 28,229 ",08-04-25,Factory Papers,,,hamid," 5,000 "
,,,,08-04-25,Convence,,,"Mostofa: tongi, Team buying house", 380 
,,,,08-04-25,Carriage Bill,,,labour bill &machine transfer, 270 
,,,,08-04-25,Machine spare parts,,,bill attaced mostofa," 4,710 "
,,,,08-04-25,Electric Bill,,,Nagad recharge A/c 41159598," 15,000 "
,,,,08-04-25,Office Maintance,Ryans Computer,,web cam," 2,350 "
,,,,08-04-25,Mobile Recharge,,,faruk 800min 30days, 519 
09-04-2025,Loan A/C Chairman,," 7,870 ",09-04-25,Machine spare parts,,,Rakib : fuse, 70 
,,,,09-04-25,Convence,,,buying house visit faruq," 2,000 "
,,,,09-04-25,Convence,,,print factory mirpur aziz, 300 
,,,,09-04-25,Factory Papers,,,hamid deed document," 5,500 "
10-04-2025,Loan A/C Chairman,," 72,455 ",10-04-25,Factory Maintance,,,ring for porda, 75 
,,,,10-04-25,Electric Item,,,led light, 250 
,,,,10-04-25,Tiffin Bill,,,sweing section," 1,500 "
,,,,10-04-25,convence,,,"print factory mirpur aziz, DOHS up down", 620 
,,,,10-04-25,Electric Item,,,channel ring socket, 950 
,,,,10-04-25,Office Maintance,,,white board markar 4pcs, 160 
,,,,10-04-25,Accessories Bill,, Urbo,Molecule: thread," 44,100 "
,,,,10-04-25,Office Maintance,,,"Register book, Calcultaor"," 1,480 "
,,,,10-04-25,Factory Maintance,,,seal Machine," 1,190 "
,,,,10-04-25,Convence,,,mirpur, 440 
,,,,10-04-25,Lunch bill,,,bablu, 100 
,,,,10-04-25,Carriage Bill,,,CNG Bill, 550 
,,,,10-04-25,Convence,,,modina Bablu, 400 
,,,,10-04-25,Convence,,,one bank mostofa bashundora, 140 
,,,,10-04-25,Advance Salary,,,operator id 5023 sadek march," 5,000 "
,,,,10-04-25,Electric Bill,,,bkash acc: 41159598," 15,000 "
,,,,10-04-25,Subcontact worker bill,,,kamal, 500 
12-04-2025,Loan A/C Chairman,," 1,890 ",12-04-25,Convence,,,shamim one bank bashundora, 390 
12-04-2025,Received: Adl,Ice tech Advance TT," 1,396,000 ",12-04-25,Machine spare parts,,,Shamim boiler bulbu, 300 
,,,,12-04-25,Convence,,,mahmud nobabpur n board bazar up down, 700 
,,,,12-04-25,Subcontact worker bill,,,kamal, 500 
,,,,12-04-25,Loan Debit ,,,payment received frm adl to chairman sir," 1,396,000 "
13-04-2025,Loan A/C Chairman,," 111,010 ",13-04-25,Accessories Bill,,ADL,Thread, 900 
,,,,13-04-25,Machine spare parts,,,Attached with bill," 9,300 "
,,,,13-04-25,Electric Item,,,light holder," 1,420 "
,,,,13-04-25,Advance Salary,,,Sharif ( PM) apr''25, 500 
,,,,13-04-25,Accessories Bill,,Wear Vibes,due bill of military cargo style," 39,000 "
,,,,13-04-25,Advance Salary,,,shima Id 5085, 500 
,,,,13-04-25,Advance Salary,,,salma id  5017, 500 
,,,,13-04-25,Tiffin Bill,,,5 person sample section, 200 
,,,,13-04-25,Office Maintance,,,table for commercial," 4,400 "
,,,,13-04-25,Lunch bill,,,all staff (11/04/25)," 2,000 "
,,,,13-04-25,Accessories Bill,,,needle attach with bill," 1,320 "
,,,,13-04-25,Print Bill,Alpha Multi Design & Co,ADL,ice tech style print purpose," 50,000 "
,,,,13-04-25,Entertainment Bill,,,tea, 40 
,,,,13-04-25,Lunch bill,,,2 person, 230 
,,,,13-04-25,Machine spare parts,,,boiler relay, 700 
,,,,,,,,,
,,,,,,,,,
,,,,,,,,,
,,,,,,,,,
,,,,,,,,,
,,,,,,,,,
,,,,,,,,,
,,,,,,,,,
,,,,,,,,,
,,,,,,,,,
,,,,,,,,,
,,,,,,,,,
,,,,,,,,,
,,,,,,,,,
,,,,,,,,,
,,,,,,,,,
,,,,,,,,,
,,,,,,,,,
,,,,,,,,,
,,,,,,,,,
,,,,,,,,,
,,,,,,,,,
,,,,,,,,,
,,,,,,,,,
,,,,,,,,,
,,,,,,,,,
,,,,,,,,,
,,,,,,,,,
,,,,,,,,,
,,,,,,,,,
,,,,,,,,,
,,,,,,,,,
,,,,,,,,,
,,,,,,,,,
,,,,,,,,,
,,,,,,,,,
,,,,,,,,,
,,,,,,,,,
,,,,,,,,,
,,,,,,,,,
,,,,,,,,,
,,,,,,,,,
,,,,,,,,,
,,,,,,,,,
,,,,,,,,,
,,,,,,,,,
,,,,,,,,,
,,,,,,,,,
,,,,,,,,,
,,,,,,,,,
,,,,,,,,,
,,,,,,,,,
,,,,,,,,,
,,,,,,,,,
,,,,,,,,,
,,,,,,,,,
,,,,,,,,,
,,,,,,,,,
,,,,,,,,,
,,,,,,,,,
,,,,,,,,,
,,,,,,,,,
,,,,,,,,,
,,,,,,,,,
,,,,,,,,,
,,,,,,,,,
,,,,,,,,,
,,,,,,,,,
,,,,,,,,,
,,,,,,,,,
,,,,,,,,,
,,,,,,,,,
,,,,,,,,,
,,,,,,,,,
,,,,,,,,,
,,,,,,,,,
,,,,,,,,,
,,,,,,,,,
,,,,,,,,,
,,,,,,,,,
,,,,,,,,,
,,,,,,,,,
,,,,,,,,,
,,,,,,,,,
,,,,,,,,,
,,,,,,,,,
,,,,,,,,,
,,,,,,,,,
,,,,,,,,,
,,,,,,,,,
,,,,,,,,,
,,,,,,,,,
,,,,,,,,,
,,,,,,,,,
,,,,,,,,,
,,,,,,,,,
,,,,,,,,,
,,,,,,,,,
,,,,,,,,,
,,,,,,,,,
,,,,,,,,,
,,,,,,,,,
,,,,,,,,,
,,,,,,,,,
,,,,,,,,,
,,,,,,,,,
,,,,,,,,,
,,,,,,,,,
,,,,,,,,,
,,,,,,,,,
,,,,,,,,,
,,,,,,,,,
,,,,,,,,,
,,,,,,,,,
,,,,,,,,,
,,,,,,,,,
,,,,,,,,,
,,,,,,,,,
,,,,,,,,,
,,,,,,,,,
,,,,,,,,,
,,,,,,,,,
,,,,,,,,,
,,,,,,,,,
,,,,,,,,,
,,,,,,,,,
,,,,,,,,,
,,,,,,,,,
,,,,,,,,,
,,,,,,,,,
,,,,,,,,,
,,,,,,,,,
,,,,,,,,,
,,,,,,,,,
,,,,,,,,,
,,,,,,,,,
,,,,,,,,,
,,,,,,,,,
,,,,,,,,,
,,,,,,,,,
,,,,,,,,,
,,,,,,,,,
,,,,,,,,,
,,,,,,,,,
,,,,,,,,,
,,,,,,,,,
,,,,,,,,,
,,,,,,,,,
,,,,,,,,,
,,,,,,,,,
,,,,,,,,,
,,,,,,,,,
,,,,,,,,,
,,,,,,,,,
,,,,,,,,,
,,,,,,,,,
,,,,,,,,,
,,,,,,,,,
,,,,,,,,,
,,,,,,,,,
,,,,,,,,,
,,,,,,,,,
,,,,,,,,,
,,,,,,,,,
,,,,,,,,,
,,,,,,,,,
,,,,,,,,,
,,,,,,,,,
,,,,,,,,,
,,,,,,,,,
,,,,,,,,,
,,,,,,,,,
,,,,,,,,,
,,, -   ,,,,,,
,,," 28,440,753 ",Total,,,,," 28,440,753 "
